path,extension,size_bytes,crc32,sha256,role_guess
seq2yield/1_kmers.ipynb,.ipynb,9172,b2c6a0dd,abac78e8a08c3d6be665ee99a41cf32df9af085ef6e137e785faa4814fa79ac8,notebook
seq2yield/6_Yeast.ipynb,.ipynb,22471,96178aaf,77b85532a8f9add524d7a14eb6bbbb1a406db47c449d7567a68d67fe4bc7c047,notebook
seq2yield/5_Plot_Results.ipynb,.ipynb,16157,7a2e6109,559e9d59560d69f5af99bdcf358f2e4e7c957492c6c77a36fa71d907701e1dd5,notebook
seq2yield/3_Train_Convolutional_Networks.ipynb,.ipynb,11930,a0d3415c,c36d72748dd1eab1ece1972a36183b9feaa061d2073fe14aae6e4a04a2eade90,notebook
seq2yield/4_ExplainableAI.ipynb,.ipynb,5962,2dd352e3,ba9024866eb13f6e9ee413f46cdd02a9a559636fa714f3fdc691036906b9c725,notebook
seq2yield/2_Train_Non_Deep_Regressors.ipynb,.ipynb,10938,e51edd14,cfbdd57454338f2afd6df9a15bd8b22ceccc9c8e4c35aeac2945503dbfeb44fb,notebook
seq2yield/to_import/kMers.py,.py,4875,a094af3f,6d2e31588cea71a7d5f114d01b19036955ddd799c6b535fa41a3c16c0cac6739,script
seq2yield/to_import/xai_helper.py,.py,5600,ecb666d1,306c4b68baaa6bfcac9ee6fff378b7512642e1ea0ea18e0afd91ccdc5562e2d3,script
seq2yield/to_import/custom_verstack.py,.py,7228,6b159543,79b4ecec938a6792efa790b6b0ff9e555c0cba97289a125d139aeb6ebf49cb97,script
seq2yield/to_import/yeast_data.csv,.csv,441624,e99b2f07,fcae8fea1b4148451db2d2b8d30da2637276bf400c3dc5db84cc2c82414aec61,data
seq2yield/to_import/yeast_mod.py,.py,3501,df8954ef,d512dc93bef734d4c1aff6805a17c162b21ae2943a002d0c86711c54133773db,script
seq2yield/to_import/models_misc.py,.py,4982,4cd9c2fd,8a58dfbec8d9d8eca2c6cea1a2eb77563c1c7d105d1f56f6ca80ab7a265aa965,script
seq2yield/to_import/utils.py,.py,8935,7df091d5,75e65953fbf474fadd88a8235aea9224fb431af1b4a88796b01dbf67dbd365ea,script
seq2yield/to_import/cnn_conv2d.py,.py,6149,d81d2338,daac3cab9b4e94fc68969bf6f45d4aa2ed42e988bd493e1e50047f7c92e5adbe,script
seq2yield/to_import/plot_results.py,.py,10823,654d1a87,7f37c545338469b82664e3052af7592baa481a1b354dec7bf7fea1fc468530f0,script
seq2yield/to_import/Ecoli_data.csv,.csv,42620682,18295125,164e61239458516934cf16d7666720a1e420590af23535a6b9c5aff15c37a352,data
seq2yield/to_import/training_schemes.py,.py,12769,91480312,a8512f12c6c027290bee5a243a2936ae77ddd291a75514117c117c8cd7e61d2c,script
seq2yield/hyperOpt/hyper_opt_DL.ipynb,.ipynb,9944,62bc5b5b,e82b61bc335998e37636932529f3793dcb122b28c1975f3d281b2407b87fa05d,notebook
seq2yield/hyperOpt/test_params_1.pkl,.pkl,158,21f51b3a,96e0fceaadcc6fb0c4b55c38886666fb10e0286afbf61fb44cbcb4b294392146,model
seq2yield/hyperOpt/hyper_opt_ML.ipynb,.ipynb,7111,0709d6e7,02512d3ba91f3f49c0306e647849b538865d49b50585291294c36ced76b41291,notebook
seq2yield/to_import/__pycache__/kMers.cpython-37.pyc,.pyc,5906,70aeae43,ba6b8dedccc04ef5519790cdc151f9dc3fe2649763939ea9647523d136672208,unknown
seq2yield/to_import/__pycache__/kmers.cpython-37(1).pyc,.pyc,5583,1966dc4f,c59cd08616682f2e6f5b3000b43e2909bd0fb15169b6d33ca6b5997cf49ad35b,unknown
seq2yield/to_import/__pycache__/yeast_mod.cpython-37.pyc,.pyc,3891,74041a87,dfb0562d96a0118828771b71ea89a8a171b7d70dea55a2052b898a357285a8fe,unknown
seq2yield/to_import/__pycache__/plot_results.cpython-37.pyc,.pyc,10115,657b959c,50b9be5404124e39891a117bb056a98074bca8d5c9cf871445ace4424379bd91,unknown
seq2yield/to_import/__pycache__/models_misc.cpython-37.pyc,.pyc,4982,a3af823a,891c195074620319511a6f8b7bc859ade9bd2e9f23cfb9fcad22a97c45bb628e,unknown
seq2yield/to_import/__pycache__/utils.cpython-37.pyc,.pyc,9663,3ddaa6d9,3e31aae8dbe398aef227db5fc4cc259f35e6cd0820cce45dc203698744fb8b14,unknown
seq2yield/to_import/__pycache__/cnn_conv2d.cpython-37.pyc,.pyc,4698,fbdc75c9,7ef3302523e61f88afe224f403af841868274d93215b418974ce018fe6d59398,unknown
seq2yield/to_import/__pycache__/training_schemes.cpython-37.pyc,.pyc,10293,0cf093d4,198eb8d0483e48c3719d1cce1a8811835bd449a38c3684123aca1372ba71ace2,unknown
seq2yield/to_import/__pycache__/xai_helper.cpython-37.pyc,.pyc,4396,c983a0ac,df9b59f176cb97fb8769f341dc0f1f53e43a1e87e95926380b3a823193fd1eb7,unknown
seq2yield/to_import/__pycache__/custom_verstack.cpython-37.pyc,.pyc,5639,4682d1c2,3e01f25a698a8625f999ca659536f710b94cbe8055e4c0923e94236471c36406,unknown
seq2yield/to_import/deeplift/LICENSE,,1068,39fc6940,44d99845e6c8d0423dc49856a74e74a244de8064156ad4ebd922b6ee9668ea42,vendored
seq2yield/to_import/deeplift/README.md,.md,31643,3feac14c,c2fd6d489a1aefd6996849bbca38ef31939e7d33f7a04bc60ac5f7dd729ff9d3,vendored
seq2yield/to_import/deeplift/setup.py,.py,1067,d0a31b04,a490752d03467d195dc886f1f6d2f54cf0cc32aeebcd3f91d6ad64b9325ef16d,vendored
seq2yield/to_import/deeplift/.gitignore,,154,5599f71c,603df8ca0ab4722e253810195389949b95bd7e3251d2fada8c1981d0f2022496,vendored
seq2yield/to_import/deeplift/.travis.yml,.yml,1338,e5a21f23,55b80ce0f5740b385af1ae2ba8df6dfc1bf92f5d51b041243bfc9547a2c2f826,vendored
seq2yield/to_import/_saved/iteration_1/_working_set.csv,.csv,55349605,925993ca,6aabc43b2d253ac4eaf05ca563a8f69c172f205042db8b6f865c1a02e8455411,split
seq2yield/to_import/_saved/iteration_1/_heldout_set.csv,.csv,6137083,90afe0f6,46690716d87f13ccd5838aa66f3fe20248b9d0660a38dc96289614d3c4584227,split
seq2yield/to_import/_saved/iteration_5/_working_set.csv,.csv,55347418,008b8d88,4e7668108258ff536158768c788bd9d72d8c0ceb45a07c2be91683b082193c8e,split
seq2yield/to_import/_saved/iteration_5/_heldout_set.csv,.csv,6139270,76230aa4,b2c885ecd9e64072465ff5d15115ae8b7299eff4cd45d178fab433368ef950b5,split
seq2yield/to_import/_saved/iteration_2/_working_set.csv,.csv,55348880,df2b24cc,e1ba5b68fb603cdf49ee1332c4f7316d51f378e8497084f20b4c90b3f4992e34,split
seq2yield/to_import/_saved/iteration_2/_heldout_set.csv,.csv,6137808,96cbce11,c7ce455d281a18559c30c74a7f4947bc20ba6b78cea4a7ab7fcbc4e6725ad0bb,split
seq2yield/to_import/_saved/iteration_3/_working_set.csv,.csv,55350582,17555ec1,4b4a5f07b858125bd622fbcd9083248b055ad68916ddac9a09a02588e152b8a2,split
seq2yield/to_import/_saved/iteration_3/_heldout_set.csv,.csv,6136106,b99b2cee,fb549223cf466acb80a93f46693cd62c1306adb1598d91211a5b41b05fa3e4f7,split
seq2yield/to_import/_saved/iteration_4/_working_set.csv,.csv,55347776,536f7aa2,d61969c2cbc35bce48c9b67dd1b9e65474ece2e3c3d57c678b6ab2419ad435ad,split
seq2yield/to_import/_saved/iteration_4/_heldout_set.csv,.csv,6138912,fff5f140,85747d06e06b811665d5f0a63c86b2ce96ac4397cbe77039a28a732dea6878a0,split
seq2yield/to_import/deeplift/deeplift/models.py,.py,11187,b80319a5,92f86d2035229876c14ef19572647a9673dd6931c4d8657005e54f26d98f7813,vendored
seq2yield/to_import/deeplift/deeplift/util.py,.py,18591,8d67851b,19ee89bb3edb7b047ad368ac138732b2d93ca9a39c85b0da9c315d7862446cc1,vendored
seq2yield/to_import/deeplift/deeplift/__init__.py,.py,25,98affbf9,df72512d14a233f9a53d67afd2ccfb60aec18d36d0f9f456ad1a0ea277ce15b0,vendored
seq2yield/to_import/deeplift/deeplift/dinuc_shuffle.py,.py,8449,2dc0358a,d3cd8c094d2e91fabcb99ac22f700b828003e8cdba0cf47c8df07fcb799a8023,vendored
seq2yield/to_import/deeplift/deeplift/models_o.py,.py,11142,5089a434,66895d81d899183da5b9a87be7f47e07b171bbfa4bc727d7f7b72635396e54c4,vendored
seq2yield/to_import/deeplift/deeplift.egg-info/PKG-INFO,,664,b48a461d,26729195171df5babfe967aa23adaac266f0e4b0584ee0a5aa74b11048d1e9eb,vendored
seq2yield/to_import/deeplift/deeplift.egg-info/SOURCES.txt,.txt,1734,72c1d9e2,47b3cea5aedf785d499be96410eb07dc31728c2fe13b8e007b6adb4f147f1d09,vendored
seq2yield/to_import/deeplift/deeplift.egg-info/requires.txt,.txt,84,0343a184,9fe5fed6d9ad981153c13c1d223a9b0ae0cfe47baf6e5bcc64ac6eea8fb2443e,vendored
seq2yield/to_import/deeplift/deeplift.egg-info/top_level.txt,.txt,9,5011c4e1,c486823258f3948530bb3311973baaa82b4ffc0818c81ec07c78a03fa6a3beef,vendored
seq2yield/to_import/deeplift/deeplift.egg-info/dependency_links.txt,.txt,1,32d70693,01ba4719c80b6fe911b091a7c05124b64eeece964e09c058ef8f9805daca546b,vendored
seq2yield/to_import/deeplift/.git/config,,267,05ecb5be,c782c1ae0ba18e2490103e759a1106e5b6656a89d4d3071042e089874bbaa611,vendored
seq2yield/to_import/deeplift/.git/HEAD,,23,a773692b,f6f2b945f6c411b02ba3da9c7ace88dcf71b6af65ba2e0d89aa82900042b5a10,vendored
seq2yield/to_import/deeplift/.git/description,,73,1f078b37,85ab6c163d43a17ea9cf7788308bca1466f1b0a8d1cc92e26e9bf63da4062aee,vendored
seq2yield/to_import/deeplift/.git/index,,5570,847fe2e7,407099e5c6c192b0d7327ef19d92ba1224c6afafa6fac3dcee7ddc60bf955980,vendored
seq2yield/to_import/deeplift/.git/packed-refs,,2157,a990db3f,7f101e06df11027cb7cd42240c3bb4e8641a9230944f91d3d0f00690f5a0b3ec,vendored
seq2yield/to_import/_saved/iteration_1/models/model_[18]_0.75_MLP.h5,.h5,745416,0b402ae7,37e4dbe69d73e3fb43b94bc5090146659ed5c13b1533c91e0c833beac9025586,model
seq2yield/to_import/_saved/iteration_1/models/model_[7]_0.75_CNN.h5,.h5,32501112,51ff57c7,c9c7b2cfa4d6b7231e25f9ae7b72f8161f2894b86b18c33e8dfac049ffaa12e1,model
seq2yield/to_import/_saved/iteration_1/models/model_[18]_0.75_CNN.h5,.h5,32501112,b9ce9293,a144bbe0157b5bc8053ff80b9187c4407bee923a54290733c702e9de9a594e3d,model
seq2yield/to_import/_saved/iteration_1/models/model_[7]_0.75_MLP.h5,.h5,745416,8b90c013,03cb30fd25057d15b295170d73f7454f76dc3c62d3fd3fe09aa170031bd62306,model
seq2yield/to_import/_saved/iteration_1/models/model_[29]_0.75_CNN.h5,.h5,32501112,eed3168f,d1a99e266ae37f51511aeff4b6aeedb0dcb256a1abf80eb9b147cbf9464bb814,model
seq2yield/to_import/_saved/iteration_1/models/model_[29]_0.75_MLP.h5,.h5,745416,351c0087,8ae0f82101546cdca7303ddbd806bce1d4cf205f00d35292507932f1ee7f6e9c,model
seq2yield/to_import/_saved/iteration_1/models/model_[19]_0.75_CNN.h5,.h5,32501112,c524a6f7,56940e04f23a02054fcad7280c7250e25bdee34686a5d900de160f63ba5f31f3,model
seq2yield/to_import/_saved/iteration_1/models/model_[6]_0.75_MLP.h5,.h5,745416,5e003b67,ad9130c8b45a35f2632d3f7a0e977229bd5d5818b7ed84d46d135945c04d0bca,model
seq2yield/to_import/_saved/iteration_1/models/model_[1]_0.75_MLP.h5,.h5,745416,01a86885,851ac472ddad1177e80c98d133398999c6eed49710520f5464c4c9711f8113f0,model
seq2yield/to_import/_saved/iteration_1/models/model_[1]_0.75_CNN.h5,.h5,32546464,548f2071,e542a411f1d118fec08d39be944323f19094050a908fd1fc7fc34078a6801a22,model
seq2yield/to_import/_saved/iteration_1/models/model_[19]_0.75_MLP.h5,.h5,745416,555ecb2c,fbb9f7fae4c1c9e6f250007dd0c017d7825f996cf190d321ec85d6f4d9179af5,model
seq2yield/to_import/_saved/iteration_1/models/model_[6]_0.75_CNN.h5,.h5,32501112,41efee73,3c7cd476c7992273895e2b58ad270af0d2f08e4e703c14f1a661348ce7005593,model
seq2yield/to_import/_saved/iteration_1/models/model_[28]_0.75_MLP.h5,.h5,745416,a63f885c,3dbfd68e156a447856b0bcd347a5357f49b69040c10e95bde7dc007eb25c1dde,model
seq2yield/to_import/_saved/iteration_1/models/model_[28]_0.75_CNN.h5,.h5,32501112,3cc3626b,58929637b78c8a8330507ac7af32b276b5e1d78c57138346da676de97eb4b236,model
seq2yield/to_import/_saved/iteration_1/models/model_[25]_0.75_CNN.h5,.h5,32501112,024e7c51,fd5d99fe733a045a77c304d290785913469430dbf61d6133be0725982b99e4f5,model
seq2yield/to_import/_saved/iteration_1/models/model_[22]_0.75_CNN.h5,.h5,32501112,eff9e90e,a6b99692c1e8d728b35cf8c18916b3bcfa64d0d68e86a58debce63c783bd1a8c,model
seq2yield/to_import/_saved/iteration_1/models/model_[30]_0.75_MLP.h5,.h5,745416,e48bba19,abd9ef43637300ae41b2384fdcab07eee6244d3b6dbdffa2fbf3783a53611ad0,model
seq2yield/to_import/_saved/iteration_1/models/model_[37]_0.75_MLP.h5,.h5,745416,857114e8,638cab2e91393b30557313059578973266d13ab0d93b506f57aa702d6b01b826,model
seq2yield/to_import/_saved/iteration_1/models/model_[37]_0.75_CNN.h5,.h5,32501112,cbe7f6df,7fa7af175c182e2e8416bee9cc6f9835f9fb256f0cf3ec53d929c02dbd4444a9,model
seq2yield/to_import/_saved/iteration_1/models/model_[30]_0.75_CNN.h5,.h5,32501144,5d4e1818,30a8fa9b950de5ff4e1bd7cab1e997c61b4503922cce34ebc13a82d4c2d84743,model
seq2yield/to_import/_saved/iteration_1/models/model_[22]_0.75_MLP.h5,.h5,745416,5f6aa3f0,0babdb1af22d4263eace0754cdbb87b7a423da927a19623722758ec6d5725d45,model
seq2yield/to_import/_saved/iteration_1/models/model_[25]_0.75_MLP.h5,.h5,745416,37e0a0ea,79027c8ec1fc89e1accc8f5bc3d1373e1d72d90331b9ad212e17be456194724c,model
seq2yield/to_import/_saved/iteration_1/models/model_[53]_0.75_CNN.h5,.h5,32501112,29e3cca2,a719c035048bae943dcb782a6fed287ea4f2ac15e979ceaa174834c837a88a93,model
seq2yield/to_import/_saved/iteration_1/models/model_[54]_0.75_CNN.h5,.h5,32501112,f6eb63f5,3f20d4b0b4bb13b596585cbb8417070c23dc583753476bf79682761bb2e00995,model
seq2yield/to_import/_saved/iteration_1/models/model_[46]_0.75_MLP.h5,.h5,745416,9f73a3a9,776d2ee6434fcf74455ffe8a98416238c4f938c5310a89e1a48645710074f5c8,model
seq2yield/to_import/_saved/iteration_1/models/model_[13]_0.75_MLP.h5,.h5,745416,28f7a75a,6b62802e8463fa9a990772cf6eb5ce34c42574dd43dbad7e5e09b43ed23f29ae,model
seq2yield/to_import/_saved/iteration_1/models/model_[41]_0.75_MLP.h5,.h5,745416,67c583d3,a54a83c3645ec74708c9835d84612e4857a2903638b04e368dd3b586a08754aa,model
seq2yield/to_import/_saved/iteration_1/models/model_[14]_0.75_MLP.h5,.h5,745416,dc81216c,0fc3c326a5d9da05bff642aa87fdaeb66e0cd9f1dd888197d5db137031f6a064,model
seq2yield/to_import/_saved/iteration_1/models/model_[41]_0.75_CNN.h5,.h5,32501112,438b9c7f,7116ea13687dd358e9ec246b6ad7fbd7af7efd8da73628b3a96208dd33eedc01,model
seq2yield/to_import/_saved/iteration_1/models/model_[13]_0.75_CNN.h5,.h5,32501112,b628ded9,b9d19d523b5551dd692e7fd0561be8c3d256a2d1fdcb385ae3aba47dd7d365ce,model
seq2yield/to_import/_saved/iteration_1/models/model_[46]_0.75_CNN.h5,.h5,32501112,1b91f051,beb4a73234e628acbeea644b65b2bc812b8964961ebe86946a79aa43c991addb,model
seq2yield/to_import/_saved/iteration_1/models/model_[54]_0.75_MLP.h5,.h5,745416,72babb7c,f730b63b5288edf502fc0f39dabcf43aa69993091ee71b927833ee81b42aecef,model
seq2yield/to_import/_saved/iteration_1/models/model_[53]_0.75_MLP.h5,.h5,745416,4898cf7d,1896199e2cd2e35d457dc4ffb53b716c516829dd6c781c8cd9af83c41eeb7039,model
seq2yield/to_import/_saved/iteration_1/models/model_[31]_0.75_CNN.h5,.h5,32501112,282e55b1,2f3d147b0525b48c57792702d5ec2f65dcd2d67d26c985e0cb5b6f7e82511fd3,model
seq2yield/to_import/_saved/iteration_1/models/model_[36]_0.75_CNN.h5,.h5,32501112,97868c90,c1e8abb74ac846d536d3985dee29d5bb9a9942c1ce432d3121631ac7ba44d14f,model
seq2yield/to_import/_saved/iteration_1/models/model_[24]_0.75_MLP.h5,.h5,745416,0c473674,e728c7aab0aab58b712e8e1be5b8456db320946585f0cbc3e1262d2b86765609,model
seq2yield/to_import/_saved/iteration_1/models/model_[23]_0.75_MLP.h5,.h5,745416,4d3e192e,33ce7bb91125e200a5934884e7b4b26f86a23f1732164697ed14e6aecc69c358,model
seq2yield/to_import/_saved/iteration_1/models/model_[23]_0.75_CNN.h5,.h5,32501112,54bf8714,3be34d36441ba5e8bd39fb700d69f7bcbe59dd8f4602d3a98f18b62c23af3b91,model
seq2yield/to_import/_saved/iteration_1/models/model_[24]_0.75_CNN.h5,.h5,32501112,a6dc2ded,6f8894427d7bf3c665613a36b9639976d4166cc751959fee4833da8b8b73c103,model
seq2yield/to_import/_saved/iteration_1/models/model_[36]_0.75_MLP.h5,.h5,745416,4aa20026,972f50698e1dfe493cb3bca49c51d6a8c674d7c3156da214143e29857a97741a,model
seq2yield/to_import/_saved/iteration_1/models/model_[31]_0.75_MLP.h5,.h5,745416,a8e25c33,dccc02ab9a446a026c8a8d549a69dfade2f4ee3d93f7507f2f183c10e20b0ccd,model
seq2yield/to_import/_saved/iteration_1/models/model_[47]_0.75_CNN.h5,.h5,32501112,974a7c8d,d949dbdbc6ef0cc45fa62acd14e6b73e57887478793aacebc8bcd7b19f2b7e1e,model
seq2yield/to_import/_saved/iteration_1/models/model_[12]_0.75_CNN.h5,.h5,32501112,103d2ea1,6b12a3e6d0331655c3850c97faa6c94e852c85f044813e02465bd4c06d322262,model
seq2yield/to_import/_saved/iteration_1/models/model_[40]_0.75_CNN.h5,.h5,32501112,58c5a29e,92cec79c91ced286cfc7fc9df3478b95c27b7ad426f954680c75df0d053aa099,model
seq2yield/to_import/_saved/iteration_1/models/model_[15]_0.75_CNN.h5,.h5,32501144,3cf48472,402999620df1dfe8f364e60bebc166a6d7e16eb35ca4379af5a5f1261309cf85,model
seq2yield/to_import/_saved/iteration_1/models/model_[52]_0.75_MLP.h5,.h5,745416,aff0caf5,06692a4c713daa258f979deabf8ea116c11cb8ab0d098063e43c1efd15622f47,model
seq2yield/to_import/_saved/iteration_1/models/model_[55]_0.75_MLP.h5,.h5,745416,adb963d7,7377bbd25a5c66359bac4cf5939e0f59030a746098fd2b998b879734e6d95627,model
seq2yield/to_import/_saved/iteration_1/models/model_[55]_0.75_CNN.h5,.h5,32501112,82005a7b,1b2bfa368f8c04479ac6a3f13be97ec5a8ad2b7a82ce9d808ec336d3abd5c95d,model
seq2yield/to_import/_saved/iteration_1/models/model_[52]_0.75_CNN.h5,.h5,32501112,e9f3f43f,2c48d6b15aca40c7ee6726762adfa1b19d407c0b731a7d6421b0b5ed3d04176a,model
seq2yield/to_import/_saved/iteration_1/models/model_[15]_0.75_MLP.h5,.h5,745416,e57cb489,6cce600302cddb02d704dec8f1cbc6e1244d30191e06ef8b0d92b935bc78fd95,model
seq2yield/to_import/_saved/iteration_1/models/model_[40]_0.75_MLP.h5,.h5,745416,1ceac946,02661629fa15b357c42a8913832c98d59266f328cdbb80f836752a452f26b789,model
seq2yield/to_import/_saved/iteration_1/models/model_[12]_0.75_MLP.h5,.h5,745416,3cfd3465,cfdc7034bda341cf30a2ea6607372f69a14e249aaf4e7ca1db28ceaa4fc3d78d,model
seq2yield/to_import/_saved/iteration_1/models/model_[47]_0.75_MLP.h5,.h5,745416,4dcd956e,97c878fb51b6353d022173fe16c7b4637189276e43dd2d4c31eb66c21185d20e,model
seq2yield/to_import/_saved/iteration_1/models/model_[21]_0.75_MLP.h5,.h5,745416,6ec90a0c,d561d5ea37088b61abcac31a68792cadd3970ca08dd6e3a0f24c406f9332050c,model
seq2yield/to_import/_saved/iteration_1/models/model_[26]_0.75_MLP.h5,.h5,745416,9701488f,d0af2b059988042396634c7dd8b54b6dd571a383567c8b3ba5b46941dbd91ea1,model
seq2yield/to_import/_saved/iteration_1/models/model_[34]_0.75_CNN.h5,.h5,32501112,817497ac,ea99f95942bcd7e596fe752508121d3a64a25f7cf892ab4302b66222afc9ed6d,model
seq2yield/to_import/_saved/iteration_1/models/model_[33]_0.75_CNN.h5,.h5,32501112,6f8d4e93,ccca0aa9d95b953e8804d0d1b3a4fbacc31ac824a75d3cf442e38e1c9b21313c,model
seq2yield/to_import/_saved/iteration_1/models/model_[33]_0.75_MLP.h5,.h5,745416,70630a30,24b66c7b2d9356ada1468ddfdbc9df773a868f0a4bd81398b7a1ec95c06cb81d,model
seq2yield/to_import/_saved/iteration_1/models/model_[34]_0.75_MLP.h5,.h5,745416,96192e73,7e004917fd88af14b613489332528f972e8950a4d65c35a0cc9d719d3e6cdf59,model
seq2yield/to_import/_saved/iteration_1/models/model_[26]_0.75_CNN.h5,.h5,32501112,0e3d0c41,0875efda1301bd0c225437dbdcdda2dfb02749664bf7d76bedccaad63ca74054,model
seq2yield/to_import/_saved/iteration_1/models/model_[21]_0.75_CNN.h5,.h5,32501112,7566a23d,e33d896acd296f9eb2e8960fd77f1eeba86a3aa6d283482d912550a5c13e8cd6,model
seq2yield/to_import/_saved/iteration_1/models/model_[50]_0.75_MLP.h5,.h5,745416,115a2c9c,601f59312360e010deabb132d1b589ee4e0cd77dd8aa1e8e2baaa474db9f3dde,model
seq2yield/to_import/_saved/iteration_1/models/model_[8]_0.75_MLP.h5,.h5,745416,8adbcca7,ff1f6f9cc99faac8d022bc84985bb69c0718dcd970aa5de2bcf326a02ca15bc3,model
seq2yield/to_import/_saved/iteration_1/models/model_[17]_0.75_CNN.h5,.h5,32501168,98bcb836,4668ad7a0b289b8408075fed38350b654a58653fb61026dea75e3feabf9009b0,model
seq2yield/to_import/_saved/iteration_1/models/model_[42]_0.75_CNN.h5,.h5,32501112,8aa9fae8,e5316a4cc62328fbcdb519874e6084aa1d7471441d70f900817ae23a94871186,model
seq2yield/to_import/_saved/iteration_1/models/model_[10]_0.75_CNN.h5,.h5,32501112,c3acdcac,8d48a25912aae1086c7d2daad3a97f2174f82a83ac690f58b4314fc4dbce79c7,model
seq2yield/to_import/_saved/iteration_1/models/model_[45]_0.75_CNN.h5,.h5,32501112,ab926de1,22ee0eab4779295fbb32b38ec1d43ca0c91323e11d9cff5237759202bf680286,model
seq2yield/to_import/_saved/iteration_1/models/model_[45]_0.75_MLP.h5,.h5,745416,19c71b25,fa1b0ae651c0a65d40bea8297f335d202dbdd898d27b2b09202a6526093d2099,model
seq2yield/to_import/_saved/iteration_1/models/model_[10]_0.75_MLP.h5,.h5,745416,ca51c773,1810d150ccf75d61b7769be81540eadd0c8a8edecc3d72aaa8040530f903be1f,model
seq2yield/to_import/_saved/iteration_1/models/model_[8]_0.75_CNN.h5,.h5,32501112,5d90a221,f9a7ec8dd53edc7d3edb48b8296ff3f63168de8a0045587864e2955bac5ee674,model
seq2yield/to_import/_saved/iteration_1/models/model_[42]_0.75_MLP.h5,.h5,745416,e7760c3c,67edc03c4754b320f091d77d1d1a6e7272676fffbb3dfc1149a82ebce7470c53,model
seq2yield/to_import/_saved/iteration_1/models/model_[17]_0.75_MLP.h5,.h5,745416,c875a367,6500043b644fd58606f8823320b4339da43ba22192f0e3e1177740fe9cf41529,model
seq2yield/to_import/_saved/iteration_1/models/model_[50]_0.75_CNN.h5,.h5,32501112,505c5fe7,0a738d0d84854dcb9cf2ca1864fe0db1f9b6abc0ff736de1a352980d19084d7b,model
seq2yield/to_import/_saved/iteration_1/models/model_[35]_0.75_MLP.h5,.h5,745416,1f7e52e5,84e76c2b7a51223bfd0882bfda5af887393df9e645ab5f64a991415a9c2960cd,model
seq2yield/to_import/_saved/iteration_1/models/model_[32]_0.75_MLP.h5,.h5,745416,83a36f33,1ecc5cfc7c0e56617ead3950ac4a938142b0f2c632a2e84c84118ff75422b240,model
seq2yield/to_import/_saved/iteration_1/models/model_[20]_0.75_CNN.h5,.h5,32501112,92e9c6ef,f4a7b6c7c54076439798be0a7b53b085456d71e24dc9d687f7f242dc2b8a7bc5,model
seq2yield/to_import/_saved/iteration_1/models/model_[27]_0.75_CNN.h5,.h5,32501112,4fdca661,2237bc1f8877a4501fcb30e098d5480231a90568b617dd9eb67b6fee214d2673,model
seq2yield/to_import/_saved/iteration_1/models/model_[27]_0.75_MLP.h5,.h5,745416,d8a06480,55beeb0a96d933aa63d19c801efb3790b06c0daee6fd9e575afccbf3548b632d,model
seq2yield/to_import/_saved/iteration_1/models/model_[20]_0.75_MLP.h5,.h5,745416,2efb9822,51bdd6d0b7574ce73bfc4dd9a7ed4e5d41d96c00192395c6dc1182958498543d,model
seq2yield/to_import/_saved/iteration_1/models/model_[32]_0.75_CNN.h5,.h5,32501112,13ff6652,7e4a3f7c2649275f5759812a481a903f76917d1aa454117747c1c6933470abcd,model
seq2yield/to_import/_saved/iteration_1/models/model_[35]_0.75_CNN.h5,.h5,32501112,6d5a168b,982145914283cefe73c3cf6c1d9eb258661ee135b46bedb49a2ae116ccf6c245,model
seq2yield/to_import/_saved/iteration_1/models/model_[9]_0.75_CNN.h5,.h5,32501112,406ff6b8,fd8a1ae10fc7d51a8fbe6fba72e7d2528fd268cb66b1668aa650df9e83a3e853,model
seq2yield/to_import/_saved/iteration_1/models/model_[16]_0.75_MLP.h5,.h5,745416,c1addf28,e97acf6d95c4f9491b4fa8c2bb84a68d1243401f2bee9c2962c8ceed4933f3e4,model
seq2yield/to_import/_saved/iteration_1/models/model_[43]_0.75_MLP.h5,.h5,745416,45148287,6154cf1a99ceefeb2e93f9a87a512a1671bbb9599ca7b42d3e665d40d7fa11a1,model
seq2yield/to_import/_saved/iteration_1/models/model_[11]_0.75_MLP.h5,.h5,745416,01e415c2,49c078974a4f4443d9813fe382c3529cd8fbaca84bde56cab125794370070301,model
seq2yield/to_import/_saved/iteration_1/models/model_[44]_0.75_MLP.h5,.h5,745416,51afcec3,bbc755c3f4dccfc348ca5e5ce1f23c94f30db485bbf5e5838e7f7ba4b812b75d,model
seq2yield/to_import/_saved/iteration_1/models/model_[56]_0.75_CNN.h5,.h5,32501112,1cfb9431,5702439b788d666ff6a5ab68825f2250ff88abf578201982fc3024675ac2c16b,model
seq2yield/to_import/_saved/iteration_1/models/model_[51]_0.75_CNN.h5,.h5,32501112,4a8db85a,f30573d2cd0429a2dbee6428c75065d0398d22a2153fb89a6456e42f3a90bc93,model
seq2yield/to_import/_saved/iteration_1/models/model_[51]_0.75_MLP.h5,.h5,745416,f7a83c06,b3f8bf5027265cd0400f921f0ac1d23f12e10b1eb1365b7ff77b403faa8f3f28,model
seq2yield/to_import/_saved/iteration_1/models/model_[56]_0.75_MLP.h5,.h5,745416,c2024089,a72929b5fd5d2887dc2029447a94c086daebb3447653d78587e1ab8ece01f51f,model
seq2yield/to_import/_saved/iteration_1/models/model_[44]_0.75_CNN.h5,.h5,32501112,2e5b655a,c1dd5ac04ca7399a57d4c0db35fe7144a276140a81a82d4354b2576861ece3ad,model
seq2yield/to_import/_saved/iteration_1/models/model_[11]_0.75_CNN.h5,.h5,32501112,8705ba1d,a934b3ed590a472006f65cd2dcd31169f00114ce5b1b4aeb34ddd10fb8c30857,model
seq2yield/to_import/_saved/iteration_1/models/model_[9]_0.75_MLP.h5,.h5,745416,31de45e7,0bb863707aa9374e7e0b93011eb9e91b0a29f78477632e01295f75b165d0e88a,model
seq2yield/to_import/_saved/iteration_1/models/model_[43]_0.75_CNN.h5,.h5,32501112,660d4fe4,1d8db3d7af02fd02280359282b38dff25f6377edfed17424d59c14a759b2243f,model
seq2yield/to_import/_saved/iteration_1/models/model_[16]_0.75_CNN.h5,.h5,32501112,dd8c6a16,708244b6e4f09e34ba89e23133346d17e39bfa898df0946b3c298e7125477fe8,model
seq2yield/to_import/_saved/iteration_1/models/model_[49]_0.75_CNN.h5,.h5,32501112,b876bd71,498f23ed1db16937be602236e88bfa0541b926e308c8396237f2fd081fcf7b2f,model
seq2yield/to_import/_saved/iteration_1/models/model_[3]_0.75_MLP.h5,.h5,745416,a39f446f,e99ac509717332e1fed120d161ad6f998f08b067cf0ed4aca71bb569907e766a,model
seq2yield/to_import/_saved/iteration_1/models/model_[4]_0.75_MLP.h5,.h5,745416,af63c24e,ac386fbcbb669c064a1effabe9bd9448388ff823283350d86d329472cb0b31b0,model
seq2yield/to_import/_saved/iteration_1/models/model_[49]_0.75_MLP.h5,.h5,745416,20a0e558,ea14754c53e241ac00f64be3ad849642b40db2644e783795d86025618c765d22,model
seq2yield/to_import/_saved/iteration_1/models/model_[38]_0.75_CNN.h5,.h5,32501112,ed8d5753,92966bb455d67ed54784d77b206ad8659c52ebfeb636076fd672716e8874b36d,model
seq2yield/to_import/_saved/iteration_1/models/model_[38]_0.75_MLP.h5,.h5,745416,9e365cfc,8aafa218ed04cf54f16aa7d85b007630584956c36b20b23a8b2a96c766fd2e85,model
seq2yield/to_import/_saved/iteration_1/models/model_[48]_0.75_MLP.h5,.h5,745416,a481ac14,5796c2e70796912ef426ee1e50736ff72488d8d5e57b65dbf0f7e035c331bd89,model
seq2yield/to_import/_saved/iteration_1/models/model_[5]_0.75_CNN.h5,.h5,32501112,301c42f7,805ec34fa62c334d47a22465ed25a1fbc620c468f4a9281500020ebea3019b6f,model
seq2yield/to_import/_saved/iteration_1/models/model_[5]_0.75_MLP.h5,.h5,745416,3db4267f,3eca57da5406465b754ce5470472e34f64fe78aeaaaa5296f1b68332111b09db,model
seq2yield/to_import/_saved/iteration_1/models/model_[48]_0.75_CNN.h5,.h5,32501112,ec78678c,e501bad4c205898481e37085b54a66803d8b7206b9e92924031d1418a2afea07,model
seq2yield/to_import/_saved/iteration_1/models/model_[2]_0.75_MLP.h5,.h5,745416,a3241b27,b62d4c2127d8db7eb61a197cf603dd7cf51f04865e022caa0f04f00e6692fec4,model
seq2yield/to_import/_saved/iteration_1/models/model_[39]_0.75_MLP.h5,.h5,745416,7126c765,19631ea8b80c5252ee399096a4c194f8fee18c82d77686c2b479c9732f8a2a8a,model
seq2yield/to_import/_saved/iteration_1/models/model_[39]_0.75_CNN.h5,.h5,32501112,4dc86990,a0f0a4042f0f687a61aef15e5afc0ad6feb4344fb8ab7a6e8c7c0b16a26eec5c,model
seq2yield/to_import/deeplift/tests/layers/test_conv1d.py,.py,8294,1c379e42,670d0456fe84a16c5f73d7c370c36c401d42e377e88684b87e1b2d0c5a5d61af,vendored
seq2yield/to_import/deeplift/tests/layers/test_pool2d.py,.py,8723,221fc93c,0fc2af78884d184f4a5745d59f7ebb1e0758e4437aa782163117244c3bbe6c5a,vendored
seq2yield/to_import/deeplift/tests/layers/test_conv2d.py,.py,8390,6b9eb84e,d91fe8b552bedc4dc844d2d750aa0b299c9641eddf711ac29d0c1b22dc5924d4,vendored
seq2yield/to_import/deeplift/tests/layers/test_pool1d.py,.py,6080,1547faca,e050aee4185b5eb3e50300363acab787db86b5b05f0349df123c1faa3ab5da1e,vendored
seq2yield/to_import/deeplift/tests/layers/test_activation.py,.py,4574,b612758b,4fba5f7b788c439262f58aa9c2c152ae6e8dc429d20115239d11757a08c58581,vendored
seq2yield/to_import/deeplift/tests/layers/test_deeplift_genomics_default_mode.py,.py,7158,f6538cad,409c5d2012750ea7082ed63bda6cc91665dbaab4045bead4ab0e37c4196c90d8,vendored
seq2yield/to_import/deeplift/tests/layers/test_concat.py,.py,2671,0d7715d0,263fdf91572eb0ed5fbe62645e3d8192d3b06f80d12b91f2cc188852fc06c908,vendored
seq2yield/to_import/deeplift/tests/layers/test_dense.py,.py,3373,eb38136f,2f7086e4ffba41d1bb41a757550e73bb900d7c2e76417cc22ce88a27df6469a5,vendored
seq2yield/to_import/deeplift/tests/shuffling/test_dinuc_shuffle.py,.py,1059,557b209a,d2d7b6b616170d608996e3e83cf7afda60dd615c1fd9debbd60935771efbff6f,vendored
seq2yield/to_import/deeplift/deeplift/visualization/__init__.py,.py,0,00000000,e3b0c44298fc1c149afbf4c8996fb92427ae41e4649b934ca495991b7852b855,vendored
seq2yield/to_import/deeplift/deeplift/visualization/viz_sequence.py,.py,6244,8fb4a39a,262ed379035e8bbd30d11744a78ce19a79a15f9057533461e82f02b0e97dbb2e,vendored
seq2yield/to_import/deeplift/deeplift/visualization/matplotlib_helpers.py,.py,257,8e50d44e,5f298806e3555b3b88641fbb9498b42be363b39685f28a7ec4ba85d35f5b1b3f,vendored
seq2yield/to_import/deeplift/deeplift/layers/helper_functions.py,.py,2102,6f8fe3c5,185f07441de8e6abbe0c9b79d9093192245cf1731af1babd04e9931e5a1549b1,vendored
seq2yield/to_import/deeplift/deeplift/layers/convolutional.py,.py,15166,f189e3e8,d10932939bd19e5b7d6ea3d193dd04c8065e2da17c5c3cad5d76105d34fd6ca5,vendored
seq2yield/to_import/deeplift/deeplift/layers/activations.py,.py,11727,9d4c58de,19efda7efa374e120d8113a3f716de740d75a124b0be0ab2026c1fa211a7471e,vendored
seq2yield/to_import/deeplift/deeplift/layers/pooling.py,.py,15466,1492b702,f0daf9c28e5b3982f55af5b12a499e02ed6d619fe64ecae4afdd351d0d73d6ca,vendored
seq2yield/to_import/deeplift/deeplift/layers/__init__.py,.py,237,5b4da6c2,13951e457af9144bcff81be938e85045b4aa86af6a13e055f04026a6ae4559a4,vendored
seq2yield/to_import/deeplift/deeplift/layers/core.py,.py,26479,f715c7e3,3150e656e746e9a4953cdd28c42b87494cebdfa50be55b122fac5aeeed2f0cb0,vendored
seq2yield/to_import/deeplift/deeplift/layers/normalization.py,.py,4229,d854df6c,0e79c9650df92288f427a80a8c94d738435c25cc58c4b0a83aabb6e779762362,vendored
seq2yield/to_import/deeplift/deeplift/__pycache__/util.cpython-37.pyc,.pyc,12744,613b1515,589d35cf2d685afb4049d9947148d1e3d15453361edd5e1f51624e41e9894a98,vendored
seq2yield/to_import/deeplift/deeplift/__pycache__/models.cpython-37.pyc,.pyc,9770,8d41831f,17dd7361845c1a23bee18033fdc8d0e341857010b0172ea873d2dc4c1f2363cc,vendored
seq2yield/to_import/deeplift/deeplift/__pycache__/__init__.cpython-37.pyc,.pyc,192,460f45b4,e5e27b9e5c6c2fc2efc2aba0cc60330ba984c828573c44dd15f73618f87026bd,vendored
seq2yield/to_import/deeplift/deeplift/conversion/__init__.py,.py,0,00000000,e3b0c44298fc1c149afbf4c8996fb92427ae41e4649b934ca495991b7852b855,vendored
seq2yield/to_import/deeplift/deeplift/conversion/kerasapi_conversion.py,.py,36813,c23a73aa,b38f9f3ae225439da4845867550208425f702051a44b597975a4542eb4af4806,vendored
seq2yield/to_import/deeplift/examples/mnist/MNIST_replicate_figures.ipynb,.ipynb,192519,781400b1,6c2a65aee2e4b5ea4a538a5df34bdcb0130dc973d41e359e581e0c418feedf30,vendored
seq2yield/to_import/deeplift/examples/mnist/grab_model.sh,.sh,279,8888604d,7367a628afaca75e56f6c3a46ff98124f10ddc22af6f9511bd77d073368402f0,vendored
seq2yield/to_import/deeplift/examples/genomics/genomics_simulation.ipynb,.ipynb,400782,96d67606,2b41bb71f55872d908a603b981dbdcb24f3983bd3e5c5294352b29802a795770,vendored
seq2yield/to_import/deeplift/examples/genomics/grab_model_and_data.sh,.sh,1145,846dffff,e69f7e20559c6aed189b41e7ef1e060236272c3f56c55381f173413ab1e0531d,vendored
seq2yield/to_import/deeplift/examples/genomics/.gitignore,,33,f5b4a3a7,65c388c244250a4c8af115d5f0299c1f25e0ed6934b7b52c816de9b98dce6551,vendored
seq2yield/to_import/deeplift/.git/info/exclude,,240,21cd3d77,6671fe83b7a07c8932ee89164d1f2793b2318058eb8b98dc5c06ee0a5a3b0ec1,vendored
seq2yield/to_import/deeplift/.git/logs/HEAD,,186,e016287e,7507428f99e43f507349153f6b6123fcd57bbd59c1d7932cb599f4fa49d19a60,vendored
seq2yield/to_import/deeplift/.git/hooks/commit-msg.sample,.sample,896,10caf8e9,1f74d5e9292979b573ebd59741d46cb93ff391acdd083d340b94370753d92437,vendored
seq2yield/to_import/deeplift/.git/hooks/pre-rebase.sample,.sample,4898,5158ec84,4febce867790052338076f4e66cc47efb14879d18097d1d61c8261859eaaa7b3,vendored
seq2yield/to_import/deeplift/.git/hooks/pre-commit.sample,.sample,1642,5ca83025,12c723235131f1c5576c652ac2a0a007f261a93c0ddc445b1dcee6cd98e30788,vendored
seq2yield/to_import/deeplift/.git/hooks/applypatch-msg.sample,.sample,478,09f84f85,0223497a0b8b033aa58a3a521b8629869386cf7ab0e2f101963d328aa62193f7,vendored
seq2yield/to_import/deeplift/.git/hooks/fsmonitor-watchman.sample,.sample,3327,cfb66216,7f9cacf1f7c8f791abfaa76171b951a55a9a2a11f1390b43cbc83995b4a91b33,vendored
seq2yield/to_import/deeplift/.git/hooks/pre-receive.sample,.sample,544,96f8c492,a4c3d2b9c7bb3fd8d1441c31bd4ee71a595d66b44fcf49ddb310252320169989,vendored
seq2yield/to_import/deeplift/.git/hooks/prepare-commit-msg.sample,.sample,1492,303613ed,e9ddcaa4189fddd25ed97fc8c789eca7b6ca16390b2392ae3276f0c8e1aa4619,vendored
seq2yield/to_import/deeplift/.git/hooks/post-update.sample,.sample,189,c0f70c9a,81765af2daef323061dcbc5e61fc16481cb74b3bac9ad8a174b186523586f6c5,vendored
seq2yield/to_import/deeplift/.git/hooks/pre-applypatch.sample,.sample,424,024cc0cf,e15c5b469ea3e0a695bea6f2c82bcf8e62821074939ddd85b77e0007ff165475,vendored
seq2yield/to_import/deeplift/.git/hooks/pre-push.sample,.sample,1348,b18fd804,4b1119e1e13a212571976f4aee77847cdbd40978546d6273a557e238981a40d1,vendored
seq2yield/to_import/deeplift/.git/hooks/update.sample,.sample,3610,2544211a,751c037320024ec2ee2757f3ffae0b10ad2c946367684e7059d4dc97eac7e431,vendored
seq2yield/to_import/_saved/iteration_1/results/non_deep/iter_1.csv,.csv,130910,f0003924,81642b8149ded2d34ea81cb6fd1da1430ccbdeb0bebf0b86133ee859f0e9e5c6,result
seq2yield/to_import/_saved/iteration_1/results/deep/cnn_res_iter_1.csv,.csv,3945,7669db09,fc397e7c5179e0d40bff3b99dd260e370a755cb7554973b30ba5b13e98c1787c,result
seq2yield/to_import/_saved/iteration_1/results/diversity/DbT_cnn_oh_rpt1.csv,.csv,30469,6b7e7757,44d95901f5b0f83e4674c587df45f6c5e4f9ac59e4da179640e82b85737af419,result
seq2yield/to_import/_saved/iteration_1/results/diversity/div_itr_1.npy,.npy,560,f4e4013b,2cf65f95b9893c77ce0d15f3e3802112f4fdce95c6dd3eb3713d82bcdf8a7920,model
seq2yield/to_import/_saved/iteration_1/results/diversity/exp_dict.pkl,.pkl,110116348,07fce91d,8383023accdb629832c54e1575b1ad625ffc08f64f31c5e8c537ed92969ecaac,model
seq2yield/to_import/_saved/iteration_1/results/SI/CNN_0.50_1toN.csv,.csv,1395,f59d4773,c206223ef5e4a5a4645e2481566d48be02853181a61ca8b97d9e3f626552ec97,result
seq2yield/to_import/_saved/iteration_1/results/SI/iteration_1_sr2sr.csv,.csv,64353,c688e229,cb8cae2f9c12c09228f7f694bed62ab3809ba62c746aba6f96b22453665b5880,result
seq2yield/to_import/_saved/iteration_1/results/SI/CNN_0.75_1toN.csv,.csv,1399,adea7711,637a0d7bbc36b05da4c604c933eb8293c17c1272ad59a3042a68ea87f59e95a8,result
seq2yield/to_import/_saved/iteration_1/results/SI/CNN_0.25_1toN.csv,.csv,1398,7b7118bb,fcbf556003adaaa8b97b73f964b76cac3b354b9c4851facdf4a46ed655fd473c,result
seq2yield/to_import/_saved/iteration_5/results/non_deep/iter_5.csv,.csv,131063,4010a7bc,57ee0889d1f4692315fb30a677055f3112f80a08961b49571646422ad22bc7a0,result
seq2yield/to_import/_saved/iteration_5/results/deep/cnn_res_iter_5.csv,.csv,3933,4261d769,fa398c083cebe3d63c469f69647fdc715a0b5610bd5430e8fd273da54667084a,result
seq2yield/to_import/_saved/iteration_5/results/diversity/DbT_cnn_oh_rpt5.csv,.csv,30462,35fd4b6c,78ff4a3053dfeba5ce404e40d4d211ad80e86afbde3a6f97fed6d0d6f5cacc21,result
seq2yield/to_import/_saved/iteration_5/results/diversity/div_itr_5.npy,.npy,560,4906adba,77347b50aaaefdd009b7b8fcf1d8755b0ca9368603a620248cc1961a6bc7acbd,model
seq2yield/to_import/_saved/iteration_5/results/diversity/exp_dict.pkl,.pkl,236709141,3f85197b,5787f96db1e8838ea06b073cdfe2c5b3834a672479b307848b1ab520269c0f2a,model
seq2yield/to_import/_saved/iteration_5/results/SI/CNN_0.50_1toN.csv,.csv,1396,9e5a6575,e79f0f5956bbbf1d3e7e0034f1e2ef5ba801feeb1bb1a96cda92291d5292705a,result
seq2yield/to_import/_saved/iteration_5/results/SI/CNN_0.75_1toN.csv,.csv,1394,097be66c,1abf96f0e2c9ee73cc325809c5b475307b5ee15c7de4ad68c60d636b77bcaada,result
seq2yield/to_import/_saved/iteration_5/results/SI/CNN_0.25_1toN.csv,.csv,1398,18ec53fc,40cb632fec1031acd1f0e7cbe25676d81a43d2422e372329a7134be78e1cdc98,result
seq2yield/to_import/_saved/iteration_5/results/SI/iteration_5_sr2sr.csv,.csv,64396,e506500a,9d067ea4085e933a5fea9512ff32d273071263516f36883dce6c95bdc7ca3fc1,result
seq2yield/to_import/_saved/iteration_2/results/non_deep/iter_2.csv,.csv,130955,d00a6a22,6cf5fadd450c53a5ec2b8de59fe4d4c7eaec9d2c1331424d174a1142900c8ebd,result
seq2yield/to_import/_saved/iteration_2/results/deep/cnn_res_iter_2.csv,.csv,3935,edf0cd50,13e02b40da0ed6ededa4e4ec1a6df958d62b6f88be8162326771441fa6f3e1ed,result
seq2yield/to_import/_saved/iteration_2/results/diversity/DbT_cnn_oh_rpt2.csv,.csv,30496,dcb327e9,7b05d43ab3401b4266004344bba7f212e941f3574a50fc39ab83c4b6a546beb3,result
seq2yield/to_import/_saved/iteration_2/results/diversity/div_itr_2.npy,.npy,560,62712ff3,05268966890e065406427010eb4a29bc2afe9ce75f71d1da1a7b764b8301a102,model
seq2yield/to_import/_saved/iteration_2/results/diversity/exp_dict.pkl,.pkl,237749322,bb700c44,4bf323fda7dbcb0a00fa0144a5e6196ec4b3cd8a5267a6d9748ba76d6cc55eed,model
seq2yield/to_import/_saved/iteration_2/results/SI/CNN_0.50_1toN.csv,.csv,1392,8858c2a8,5044c6d6204d0af3bc56c11fc5dca37ee16d8a6a6e2654b06c7ccac2fdb2b3d2,result
seq2yield/to_import/_saved/iteration_2/results/SI/CNN_0.75_1toN.csv,.csv,1399,c354dd1e,0c862ff28a096aac1e0ac320000439997ebc6038691e4004b6ee49099ccd06a8,result
seq2yield/to_import/_saved/iteration_2/results/SI/iteration_2_sr2sr.csv,.csv,64404,59719f60,0fd3c8274becbcb544420d9da55b66445c62285fc7f380836171b3f4c0707af1,result
seq2yield/to_import/_saved/iteration_2/results/SI/CNN_0.25_1toN.csv,.csv,1393,0a6ffee0,8878a60749fec08fd60c93b492b8e32872807f4e02b784cdd8c715b5d88f2e24,result
seq2yield/to_import/_saved/iteration_3/results/non_deep/iter_3.csv,.csv,130931,df68e580,0ad2fb7bd1040085bfa86f555e8cc18a8c91eaa80deb87f8a001e43be6c32bd8,result
seq2yield/to_import/_saved/iteration_3/results/deep/cnn_res_iter_3.csv,.csv,3944,ac0725f0,3975b9b2930480c63469905bb3a0fba08384fe45c61f46150fafe40af1f5300c,result
seq2yield/to_import/_saved/iteration_3/results/diversity/DbT_cnn_oh_rpt3.csv,.csv,30501,98679713,b6b3cd73049dbe6d8326425e85e10e242faf4b539564089db18abb65e4a31335,result
seq2yield/to_import/_saved/iteration_3/results/diversity/div_itr_3.npy,.npy,560,b999a368,0032f616f2ca824c359f089df391411c99127f67a6b4d9e4d6d81d7660bafc52,model
seq2yield/to_import/_saved/iteration_3/results/diversity/exp_dict.pkl,.pkl,237048489,33714a92,5c34e5c9fa3ae65d0afd42ec1369a563d06cc3d4ffd6d214b074f4c1f4bb93ec,model
seq2yield/to_import/_saved/iteration_3/results/SI/CNN_0.50_1toN.csv,.csv,1394,2cc9e5f3,ab57ca71a4c85f67815f05bdf771ae17dc65b733fca306d29655795487a54b61,result
seq2yield/to_import/_saved/iteration_3/results/SI/CNN_0.75_1toN.csv,.csv,1391,39ad2b32,8741a2d599c1429bfabb59f3cb7c45e49a3cbad883944b6a94b07fffded19a61,result
seq2yield/to_import/_saved/iteration_3/results/SI/CNN_0.25_1toN.csv,.csv,1394,f26b06e4,76abc9a35aeeb1a97dc7ff8cf0071d51ef3cc3cff7f5c8f497989170ad7ee764,result
seq2yield/to_import/_saved/iteration_3/results/SI/iteration_3_sr2sr.csv,.csv,64384,69600139,ddc69acd79c0d9b58ea471da4420c4858640e8ae00021048fc584866c795e628,result
seq2yield/to_import/_saved/iteration_4/results/non_deep/iter_4.csv,.csv,130986,a125fae4,153fab014cfd006d73c38ca1b3691159c4358b6a32a4392ec4a9a81be26c51af,result
seq2yield/to_import/_saved/iteration_4/results/deep/cnn_res_iter_4.csv,.csv,3940,6339894a,42c513b6d51351336e3c9bb62cc91773b0353594812e3f1a25adc5da46cdd768,result
seq2yield/to_import/_saved/iteration_4/results/diversity/DbT_cnn_oh_rpt4.csv,.csv,30470,1816d6d0,9b4d7320abebacbb825ecdaaaa713954fd5a99bf0417d7124c8363614d454a31,result
seq2yield/to_import/_saved/iteration_4/results/diversity/div_itr_4.npy,.npy,560,12306cb6,326d1c5e37782377a01c23e25f0648b4db335f36b7a556996978645a5c40d071,model
seq2yield/to_import/_saved/iteration_4/results/diversity/exp_dict.pkl,.pkl,235424341,e59b65ee,0d1e8aec4dfd27d3360a8dc44b5acb6e70d3b3e72ec4abc749a88e494c8853e1,model
seq2yield/to_import/_saved/iteration_4/results/SI/CNN_0.50_1toN.csv,.csv,1396,d06fbec2,76e6cc3be675dd36ca0905104aa54515996e5889e4a1ec9efb36e70f78209cdc,result
seq2yield/to_import/_saved/iteration_4/results/SI/CNN_0.75_1toN.csv,.csv,1392,76662d27,99ff26fd29d7e546f7fd6642f804bb45bbf20485a87601ce873459aa3907a158,result
seq2yield/to_import/_saved/iteration_4/results/SI/iteration_4_sr2sr.csv,.csv,64461,fe185eda,d904135321aa9bfe3f47c8963f10cc8c95841827c2db277c14b0e8efa66932aa,result
seq2yield/to_import/_saved/iteration_4/results/SI/CNN_0.25_1toN.csv,.csv,1397,fbfa1b0f,d31c4ce4a70b700426073ceda7b0f107b2f57984a51673652773d84764c563cd,result
seq2yield/to_import/deeplift/tests/conversion/sequential/test_conv2d_model_valid_padding.py,.py,3795,c232d11d,53ffd89a8560e4a3dbb642980c82b35e74ec5d8fb999c74888da2efef5b729dd,vendored
seq2yield/to_import/deeplift/tests/conversion/sequential/test_conv1d_model_valid_padding.py,.py,3833,2288b3ed,e820d8949ade5ea136f154822b48ed5940c25c4c59ca9594a422d0c68d7a4d50,vendored
seq2yield/to_import/deeplift/tests/conversion/sequential/test_conv2d_model_channels_first.py,.py,3777,be862a48,ce926b5fba3b7fd0d37cd0796f4f9ebb6dee73d55f539e74f737463415dd7944,vendored
seq2yield/to_import/deeplift/tests/conversion/sequential/test_load_batchnorm.py,.py,7679,8383b0a4,d3e95124288dab6a3cfb6f6eae1da37c722bcaf96d27a192f9ef9bf8a6ff9e69,vendored
seq2yield/to_import/deeplift/tests/conversion/sequential/test_conv2d_model_same_padding.py,.py,4215,1c661807,c9449d52a70d35e006977a8beba50e07048a45e399bf861de821b62009109baa,vendored
seq2yield/to_import/deeplift/tests/conversion/sequential/test_sigmoid_tanh_activations.py,.py,3943,fae2e0d2,e1b75f181b51c0063256189267f2389107c67f4cbd067f2d78181ebef7b1f3ee,vendored
seq2yield/to_import/deeplift/tests/conversion/sequential/test_conv1d_model_same_padding.py,.py,4294,75bdc78b,6b6bc7f2ff28f19c25ad9770a1ed498b976126a20fbe00abbb4deff9091c9f1a,vendored
seq2yield/to_import/deeplift/tests/conversion/functional/test_functional_concatenate_model.py,.py,5526,dc5e6425,c148ad7ae2aa134bb40c697c0e5df4a0558f8d5ff9fefb2cc22129a27a087edc,vendored
seq2yield/to_import/deeplift/deeplift/layers/__pycache__/helper_functions.cpython-37.pyc,.pyc,2199,0234ff06,9539bbff47897ef774e46e54ef520701803aecaf6a71dfbaa28baaf846771052,vendored
seq2yield/to_import/deeplift/deeplift/layers/__pycache__/convolutional.cpython-37.pyc,.pyc,8205,448fe5f9,d05e4cc2a69428aa48bd86f77da185b3022bf3562b5ce6724f940b9a33ad36c6,vendored
seq2yield/to_import/deeplift/deeplift/layers/__pycache__/pooling.cpython-37.pyc,.pyc,13205,12c95a37,44dbf4b8580a8d39bcaeaf99db306cd9f705c67f078b2ca9b8d118a9cc142584,vendored
seq2yield/to_import/deeplift/deeplift/layers/__pycache__/activations.cpython-37.pyc,.pyc,7999,8b332d77,f11c124ebb111a0381ca150e61040cae3f8cbca902134da0a7326b96cb1b594c,vendored
seq2yield/to_import/deeplift/deeplift/layers/__pycache__/core.cpython-37.pyc,.pyc,26197,686bd8bd,f845c06873e203a885c3aba9f3d9becc30efbdab9ccbc98b8c834cff6df5c6a4,vendored
seq2yield/to_import/deeplift/deeplift/layers/__pycache__/__init__.cpython-37.pyc,.pyc,411,1e8e51d4,bcbc0ec54fda7f8335af91a11e6eb4b72dc4dfbb871590b4fe88ae9a1398191e,vendored
seq2yield/to_import/deeplift/deeplift/layers/__pycache__/normalization.cpython-37.pyc,.pyc,3713,d41ae693,c2ff060233b7d8e10838e677d991e6059f76b24db25cfa6d74c829af6e1ea3d3,vendored
seq2yield/to_import/deeplift/deeplift/conversion/__pycache__/kerasapi_conversion.cpython-37.pyc,.pyc,16767,aff14129,0a031e8a68ffb82ed3d0716f209a0f122971a355e5ea89f8e8bf1dcfc278f2e9,vendored
seq2yield/to_import/deeplift/deeplift/conversion/__pycache__/__init__.cpython-37.pyc,.pyc,179,99c53b6a,bc8e7e208436fee298d78270d7585b7585db8c0743f5ba923c6471a724dfc362,vendored
seq2yield/to_import/deeplift/examples/convert_models/keras1.2to2/MNIST.ipynb,.ipynb,13491,917debfc,74903767b0f374cb01562676e20aa7fa2758d7e2a7a1c0bd980dc099b9d72c14,vendored
seq2yield/to_import/deeplift/.git/objects/pack/pack-859baa74488140027ca4ca8a22e2b51941bd93cc.pack,.pack,10882761,9c9ef3b8,887ea7d93d6a71df7af099a61b6429d70985f5374d064f0957bf54ac59455076,vendored
seq2yield/to_import/deeplift/.git/objects/pack/pack-859baa74488140027ca4ca8a22e2b51941bd93cc.idx,.idx,129760,96bbaf5f,346b86f62c94452901f8c42d005448fa618b0294790e598bceac2879d72ea550,vendored
seq2yield/to_import/deeplift/.git/refs/heads/master,,41,9d3fe39e,6723b71755ec7ee6046b25cc5403f0a293a3968351581dab69cea4c0a57ebd2f,vendored
seq2yield/to_import/deeplift/.git/logs/refs/heads/master,,186,e016287e,7507428f99e43f507349153f6b6123fcd57bbd59c1d7932cb599f4fa49d19a60,vendored
seq2yield/to_import/deeplift/.git/refs/remotes/origin/HEAD,,32,a0d425d6,cdc65e67690c4c6475174e5ec662b70655246a2f3924354778835ab3be70aa76,vendored
seq2yield/to_import/deeplift/.git/logs/refs/remotes/origin/HEAD,,186,e016287e,7507428f99e43f507349153f6b6123fcd57bbd59c1d7932cb599f4fa49d19a60,vendored
